Workbook

Sheet Gantt
C1: SEMANA | U1: TOTAL HORAS
A2: TAREA | C2: 45936 | D2: =C2+7 -> 45943 | E2: =D2+7 -> 45950 | F2: =E2+7 -> 45957 | G2: =F2+7 -> 45964 | H2: =G2+7 -> 45971 | I2: =H2+7 -> 45978 | J2: =I2+7 -> 45985 | K2: =J2+7 -> 45992 | ... S2: =R2+7 -> 46048 | U2: Planifs | V2: Reales | W2: Faltan/ Sobran
A3: T1 | B3: Configuración del Proyecto y Estructura Base | C3: =HorasTotales!B2 -> 2 | D3: =HorasTotales!C2 -> 3 | E3: =HorasTotales!D2 -> 0 | F3: =HorasTotales!E2 -> 1 | G3: =HorasTotales!F2 -> 0 | H3: =HorasTotales!G2 -> 0 | I3: =HorasTotales!H2 -> 0 | J3: =HorasTotales!I2 -> 0 | ... S3: =HorasTotales!R2 -> 0 | U3: 7 | V3: =SUM(C3:S3) -> 6 | W3: =U3-V3 -> 1
A4: T2 | B4: Sistema de Menú Principal e Interfaz de Navegación | C4: =HorasTotales!B3 -> 0 | D4: =HorasTotales!C3 -> 0 | E4: =HorasTotales!D3 -> 0.5 | F4: =HorasTotales!E3 -> 6.5 | G4: =HorasTotales!F3 -> 1 | H4: =HorasTotales!G3 -> 0 | I4: =HorasTotales!H3 -> 1 | J4: =HorasTotales!I3 -> 2 | ... S4: =HorasTotales!R3 -> 0 | U4: 18 | V4: =SUM(C4:S4) -> 11 | W4: =U4-V4 -> 7
A5: T3 | B5: Sistema de Configuración de Partida | C5: =HorasTotales!B4 -> 0 | D5: =HorasTotales!C4 -> 0 | E5: =HorasTotales!D4 -> 2 | F5: =HorasTotales!E4 -> 5.5 | G5: =HorasTotales!F4 -> 0.5 | H5: =HorasTotales!G4 -> 0 | I5: =HorasTotales!H4 -> 3.5 | J5: =HorasTotales!I4 -> 5 | ... S5: =HorasTotales!R4 -> 0 | U5: 32 | V5: =SUM(C5:S5) -> 19.5 | W5: =U5-V5 -> 12.5
A6: T4 | B6: Sistema de Colocación de Barcos | C6: =HorasTotales!B5 -> 0 | D6: =HorasTotales!C5 -> 0 | E6: =HorasTotales!D5 -> 3 | F6: =HorasTotales!E5 -> 4 | G6: =HorasTotales!F5 -> 0 | H6: =HorasTotales!G5 -> 2 | I6: =HorasTotales!H5 -> 8 | J6: =HorasTotales!I5 -> 7 | ... S6: =HorasTotales!R5 -> 0 | U6: 30 | V6: =SUM(C6:S6) -> 28 | W6: =U6-V6 -> 2
A7: T5 | B7: Juego principal y Lógica de Turnos | C7: =HorasTotales!B6 -> 0 | D7: =HorasTotales!C6 -> 0 | E7: =HorasTotales!D6 -> 0 | F7: =HorasTotales!E6 -> 1 | G7: =HorasTotales!F6 -> 0 | H7: =HorasTotales!G6 -> 0 | I7: =HorasTotales!H6 -> 9 | J7: =HorasTotales!I6 -> 15 | ... S7: =HorasTotales!R6 -> 0 | U7: 33 | V7: =SUM(C7:S7) -> 38 | W7: =U7-V7 -> -5
A8: T6 | B8: Sistema de Disparos Especiales | C8: =HorasTotales!B7 -> 0 | D8: =HorasTotales!C7 -> 0 | E8: =HorasTotales!D7 -> 0 | F8: =HorasTotales!E7 -> 0 | G8: =HorasTotales!F7 -> 0 | H8: =HorasTotales!G7 -> 0 | I8: =HorasTotales!H7 -> 4 | J8: =HorasTotales!I7 -> 3 | ... S8: =HorasTotales!R7 -> 0 | U8: 26 | V8: =SUM(C8:S8) -> 23 | W8: =U8-V8 -> 3
A9: T7 | B9: Sistema de Cronómetro con Hilos | C9: =HorasTotales!B8 -> 0 | D9: =HorasTotales!C8 -> 0 | E9: =HorasTotales!D8 -> 0 | F9: =HorasTotales!E8 -> 0 | G9: =HorasTotales!F8 -> 0 | H9: =HorasTotales!G8 -> 2 | I9: =HorasTotales!H8 -> 2 | J9: =HorasTotales!I8 -> 1 | ... S9: =HorasTotales!R8 -> 0 | U9: 5 | V9: =SUM(C9:S9) -> 17 | W9: =U9-V9 -> -12
A10: T8 | B10: Sistema de Base de Datos | C10: =HorasTotales!B9 -> 0 | D10: =HorasTotales!C9 -> 0 | E10: =HorasTotales!D9 -> 0 | F10: =HorasTotales!E9 -> 0 | G10: =HorasTotales!F9 -> 0 | H10: =HorasTotales!G9 -> 1 | I10: =HorasTotales!H9 -> 2 | J10: =HorasTotales!I9 -> 6 | ... S10: =HorasTotales!R9 -> 0 | U10: 28 | V10: =SUM(C10:S10) -> 28 | W10: =U10-V10 -> 0
A11: T9 | B11: Interfaz de Estadísticas | C11: =HorasTotales!B10 -> 0 | D11: =HorasTotales!C10 -> 0 | E11: =HorasTotales!D10 -> 0 | F11: =HorasTotales!E10 -> 0 | G11: =HorasTotales!F10 -> 0 | H11: =HorasTotales!G10 -> 1 | I11: =HorasTotales!H10 -> 2 | J11: =HorasTotales!I10 -> 6 | ... S11: =HorasTotales!R10 -> 0 | U11: 22 | V11: =SUM(C11:S11) -> 26 | W11: =U11-V11 -> -4
A12: T10 | B12: Pantalla de Transición e Integración Final | C12: =HorasTotales!B11 -> 0 | D12: =HorasTotales!C11 -> 0 | E12: =HorasTotales!D11 -> 0 | F12: =HorasTotales!E11 -> 0 | G12: =HorasTotales!F11 -> 0 | H12: =HorasTotales!G11 -> 0 | I12: =HorasTotales!H11 -> 0 | J12: =HorasTotales!I11 -> 5 | ... S12: =HorasTotales!R11 -> 0 | U12: 19 | V12: =SUM(C12:S12) -> 13 | W12: =U12-V12 -> 6
B13: TOTAL HORAS | C13: =SUM(C5:C12) -> 0 | D13: =SUM(D5:D12) -> 0 | E13: =SUM(E5:E12) -> 5 | F13: =SUM(F5:F12) -> 10.5 | G13: =SUM(G5:G12) -> 0.5 | H13: =SUM(H5:H12) -> 6 | I13: =SUM(I5:I12) -> 30.5 | J13: =SUM(J5:J12) -> 48 | ... S13: =SUM(S5:S12) -> 0 | U13: =SUM(U3:U12) -> 220 | V13: =SUM(V3:V12) -> 209.5 | W13: =SUM(W3,W5:W12) -> 3.5

Sheet HorasTotales
A1: Total | B1: =Gantt!C2 -> 45936 | C1: =B1+7 -> 45943 | D1: =C1+7 -> 45950 | E1: =D1+7 -> 45957 | F1: =E1+7 -> 45964 | G1: =F1+7 -> 45971 | H1: =G1+7 -> 45978 | I1: =H1+7 -> 45985 | J1: =I1+7 -> 45992 | ... R1: =Q1+7 -> 46048 | S1: TOTAL
A2: =Gantt!A3 -> T1 | B2: ='Iker Diaz'!B2+'Ian Anaya'!B2+'Iñigo Fernandez'!B2+'Xabier Diaz'!B2+'Ekaitz Ureta'!B2 -> 2 | C2: ='Iker Diaz'!C2+'Ian Anaya'!C2+'Iñigo Fernandez'!C2+'Xabier Diaz'!C2+'Ekaitz Ureta'!C2 -> 3 | D2: ='Iker Diaz'!D2+'Ian Anaya'!D2+'Iñigo Fernandez'!D2+'Xabier Diaz'!D2+'Ekaitz Ureta'!D2 -> 0 | E2: ='Iker Diaz'!E2+'Ian Anaya'!E2+'Iñigo Fernandez'!E2+'Xabier Diaz'!E2+'Ekaitz Ureta'!E2 -> 1 | F2: ='Iker Diaz'!F2+'Ian Anaya'!F2+'Iñigo Fernandez'!F2+'Xabier Diaz'!F2+'Ekaitz Ureta'!F2 -> 0 | G2: ='Iker Diaz'!G2+'Ian Anaya'!G2+'Iñigo Fernandez'!G2+'Xabier Diaz'!G2+'Ekaitz Ureta'!G2 -> 0 | H2: ='Iker Diaz'!H2+'Ian Anaya'!H2+'Iñigo Fernandez'!H2+'Xabier Diaz'!H2+'Ekaitz Ureta'!H2 -> 0 | I2: ='Iker Diaz'!I2+'Ian Anaya'!I2+'Iñigo Fernandez'!I2+'Xabier Diaz'!I2+'Ekaitz Ureta'!I2 -> 0 | ... R2: ='Iker Diaz'!R2+'Ian Anaya'!R2+'Iñigo Fernandez'!R2+'Xabier Diaz'!R2+'Ekaitz Ureta'!R2 -> 0 | S2: =SUM(B2:R2) -> 6
A3: =Gantt!A4 -> T2 | B3: ='Iker Diaz'!B3+'Ian Anaya'!B3+'Iñigo Fernandez'!B3+'Xabier Diaz'!B3+'Ekaitz Ureta'!B3 -> 0 | C3: ='Iker Diaz'!C3+'Ian Anaya'!C3+'Iñigo Fernandez'!C3+'Xabier Diaz'!C3+'Ekaitz Ureta'!C3 -> 0 | D3: ='Iker Diaz'!D3+'Ian Anaya'!D3+'Iñigo Fernandez'!D3+'Xabier Diaz'!D3+'Ekaitz Ureta'!D3 -> 0.5 | E3: ='Iker Diaz'!E3+'Ian Anaya'!E3+'Iñigo Fernandez'!E3+'Xabier Diaz'!E3+'Ekaitz Ureta'!E3 -> 6.5 | F3: ='Iker Diaz'!F3+'Ian Anaya'!F3+'Iñigo Fernandez'!F3+'Xabier Diaz'!F3+'Ekaitz Ureta'!F3 -> 1 | G3: ='Iker Diaz'!G3+'Ian Anaya'!G3+'Iñigo Fernandez'!G3+'Xabier Diaz'!G3+'Ekaitz Ureta'!G3 -> 0 | H3: ='Iker Diaz'!H3+'Ian Anaya'!H3+'Iñigo Fernandez'!H3+'Xabier Diaz'!H3+'Ekaitz Ureta'!H3 -> 1 | I3: ='Iker Diaz'!I3+'Ian Anaya'!I3+'Iñigo Fernandez'!I3+'Xabier Diaz'!I3+'Ekaitz Ureta'!I3 -> 2 | ... R3: ='Iker Diaz'!R3+'Ian Anaya'!R3+'Iñigo Fernandez'!R3+'Xabier Diaz'!R3+'Ekaitz Ureta'!R3 -> 0 | S3: =SUM(B3:R3) -> 11
A4: =Gantt!A5 -> T3 | B4: ='Iker Diaz'!B4+'Ian Anaya'!B4+'Iñigo Fernandez'!B4+'Xabier Diaz'!B4+'Ekaitz Ureta'!B4 -> 0 | C4: ='Iker Diaz'!C4+'Ian Anaya'!C4+'Iñigo Fernandez'!C4+'Xabier Diaz'!C4+'Ekaitz Ureta'!C4 -> 0 | D4: ='Iker Diaz'!D4+'Ian Anaya'!D4+'Iñigo Fernandez'!D4+'Xabier Diaz'!D4+'Ekaitz Ureta'!D4 -> 2 | E4: ='Iker Diaz'!E4+'Ian Anaya'!E4+'Iñigo Fernandez'!E4+'Xabier Diaz'!E4+'Ekaitz Ureta'!E4 -> 5.5 | F4: ='Iker Diaz'!F4+'Ian Anaya'!F4+'Iñigo Fernandez'!F4+'Xabier Diaz'!F4+'Ekaitz Ureta'!F4 -> 0.5 | G4: ='Iker Diaz'!G4+'Ian Anaya'!G4+'Iñigo Fernandez'!G4+'Xabier Diaz'!G4+'Ekaitz Ureta'!G4 -> 0 | H4: ='Iker Diaz'!H4+'Ian Anaya'!H4+'Iñigo Fernandez'!H4+'Xabier Diaz'!H4+'Ekaitz Ureta'!H4 -> 3.5 | I4: ='Iker Diaz'!I4+'Ian Anaya'!I4+'Iñigo Fernandez'!I4+'Xabier Diaz'!I4+'Ekaitz Ureta'!I4 -> 5 | ... R4: ='Iker Diaz'!R4+'Ian Anaya'!R4+'Iñigo Fernandez'!R4+'Xabier Diaz'!R4+'Ekaitz Ureta'!R4 -> 0 | S4: =SUM(B4:R4) -> 19.5
A5: =Gantt!A6 -> T4 | B5: ='Iker Diaz'!B5+'Ian Anaya'!B5+'Iñigo Fernandez'!B5+'Xabier Diaz'!B5+'Ekaitz Ureta'!B5 -> 0 | C5: ='Iker Diaz'!C5+'Ian Anaya'!C5+'Iñigo Fernandez'!C5+'Xabier Diaz'!C5+'Ekaitz Ureta'!C5 -> 0 | D5: ='Iker Diaz'!D5+'Ian Anaya'!D5+'Iñigo Fernandez'!D5+'Xabier Diaz'!D5+'Ekaitz Ureta'!D5 -> 3 | E5: ='Iker Diaz'!E5+'Ian Anaya'!E5+'Iñigo Fernandez'!E5+'Xabier Diaz'!E5+'Ekaitz Ureta'!E5 -> 4 | F5: ='Iker Diaz'!F5+'Ian Anaya'!F5+'Iñigo Fernandez'!F5+'Xabier Diaz'!F5+'Ekaitz Ureta'!F5 -> 0 | G5: ='Iker Diaz'!G5+'Ian Anaya'!G5+'Iñigo Fernandez'!G5+'Xabier Diaz'!G5+'Ekaitz Ureta'!G5 -> 2 | H5: ='Iker Diaz'!H5+'Ian Anaya'!H5+'Iñigo Fernandez'!H5+'Xabier Diaz'!H5+'Ekaitz Ureta'!H5 -> 8 | I5: ='Iker Diaz'!I5+'Ian Anaya'!I5+'Iñigo Fernandez'!I5+'Xabier Diaz'!I5+'Ekaitz Ureta'!I5 -> 7 | ... R5: ='Iker Diaz'!R5+'Ian Anaya'!R5+'Iñigo Fernandez'!R5+'Xabier Diaz'!R5+'Ekaitz Ureta'!R5 -> 0 | S5: =SUM(B5:R5) -> 28
A6: =Gantt!A7 -> T5 | B6: ='Iker Diaz'!B6+'Ian Anaya'!B6+'Iñigo Fernandez'!B6+'Xabier Diaz'!B6+'Ekaitz Ureta'!B6 -> 0 | C6: ='Iker Diaz'!C6+'Ian Anaya'!C6+'Iñigo Fernandez'!C6+'Xabier Diaz'!C6+'Ekaitz Ureta'!C6 -> 0 | D6: ='Iker Diaz'!D6+'Ian Anaya'!D6+'Iñigo Fernandez'!D6+'Xabier Diaz'!D6+'Ekaitz Ureta'!D6 -> 0 | E6: ='Iker Diaz'!E6+'Ian Anaya'!E6+'Iñigo Fernandez'!E6+'Xabier Diaz'!E6+'Ekaitz Ureta'!E6 -> 1 | F6: ='Iker Diaz'!F6+'Ian Anaya'!F6+'Iñigo Fernandez'!F6+'Xabier Diaz'!F6+'Ekaitz Ureta'!F6 -> 0 | G6: ='Iker Diaz'!G6+'Ian Anaya'!G6+'Iñigo Fernandez'!G6+'Xabier Diaz'!G6+'Ekaitz Ureta'!G6 -> 0 | H6: ='Iker Diaz'!H6+'Ian Anaya'!H6+'Iñigo Fernandez'!H6+'Xabier Diaz'!H6+'Ekaitz Ureta'!H6 -> 9 | I6: ='Iker Diaz'!I6+'Ian Anaya'!I6+'Iñigo Fernandez'!I6+'Xabier Diaz'!I6+'Ekaitz Ureta'!I6 -> 15 | ... R6: ='Iker Diaz'!R6+'Ian Anaya'!R6+'Iñigo Fernandez'!R6+'Xabier Diaz'!R6+'Ekaitz Ureta'!R6 -> 0 | S6: =SUM(B6:R6) -> 38
A7: =Gantt!A8 -> T6 | B7: ='Iker Diaz'!B7+'Ian Anaya'!B7+'Iñigo Fernandez'!B7+'Xabier Diaz'!B7+'Ekaitz Ureta'!B7 -> 0 | C7: ='Iker Diaz'!C7+'Ian Anaya'!C7+'Iñigo Fernandez'!C7+'Xabier Diaz'!C7+'Ekaitz Ureta'!C7 -> 0 | D7: ='Iker Diaz'!D7+'Ian Anaya'!D7+'Iñigo Fernandez'!D7+'Xabier Diaz'!D7+'Ekaitz Ureta'!D7 -> 0 | E7: ='Iker Diaz'!E7+'Ian Anaya'!E7+'Iñigo Fernandez'!E7+'Xabier Diaz'!E7+'Ekaitz Ureta'!E7 -> 0 | F7: ='Iker Diaz'!F7+'Ian Anaya'!F7+'Iñigo Fernandez'!F7+'Xabier Diaz'!F7+'Ekaitz Ureta'!F7 -> 0 | G7: ='Iker Diaz'!G7+'Ian Anaya'!G7+'Iñigo Fernandez'!G7+'Xabier Diaz'!G7+'Ekaitz Ureta'!G7 -> 0 | H7: ='Iker Diaz'!H7+'Ian Anaya'!H7+'Iñigo Fernandez'!H7+'Xabier Diaz'!H7+'Ekaitz Ureta'!H7 -> 4 | I7: ='Iker Diaz'!I7+'Ian Anaya'!I7+'Iñigo Fernandez'!I7+'Xabier Diaz'!I7+'Ekaitz Ureta'!I7 -> 3 | ... R7: ='Iker Diaz'!R7+'Ian Anaya'!R7+'Iñigo Fernandez'!R7+'Xabier Diaz'!R7+'Ekaitz Ureta'!R7 -> 0 | S7: =SUM(B7:R7) -> 23
A8: =Gantt!A9 -> T7 | B8: ='Iker Diaz'!B8+'Ian Anaya'!B8+'Iñigo Fernandez'!B8+'Xabier Diaz'!B8+'Ekaitz Ureta'!B8 -> 0 | C8: ='Iker Diaz'!C8+'Ian Anaya'!C8+'Iñigo Fernandez'!C8+'Xabier Diaz'!C8+'Ekaitz Ureta'!C8 -> 0 | D8: ='Iker Diaz'!D8+'Ian Anaya'!D8+'Iñigo Fernandez'!D8+'Xabier Diaz'!D8+'Ekaitz Ureta'!D8 -> 0 | E8: ='Iker Diaz'!E8+'Ian Anaya'!E8+'Iñigo Fernandez'!E8+'Xabier Diaz'!E8+'Ekaitz Ureta'!E8 -> 0 | F8: ='Iker Diaz'!F8+'Ian Anaya'!F8+'Iñigo Fernandez'!F8+'Xabier Diaz'!F8+'Ekaitz Ureta'!F8 -> 0 | G8: ='Iker Diaz'!G8+'Ian Anaya'!G8+'Iñigo Fernandez'!G8+'Xabier Diaz'!G8+'Ekaitz Ureta'!G8 -> 2 | H8: ='Iker Diaz'!H8+'Ian Anaya'!H8+'Iñigo Fernandez'!H8+'Xabier Diaz'!H8+'Ekaitz Ureta'!H8 -> 2 | I8: ='Iker Diaz'!I8+'Ian Anaya'!I8+'Iñigo Fernandez'!I8+'Xabier Diaz'!I8+'Ekaitz Ureta'!I8 -> 1 | ... R8: ='Iker Diaz'!R8+'Ian Anaya'!R8+'Iñigo Fernandez'!R8+'Xabier Diaz'!R8+'Ekaitz Ureta'!R8 -> 0 | S8: =SUM(B8:R8) -> 17
A9: =Gantt!A10 -> T8 | B9: ='Iker Diaz'!B9+'Ian Anaya'!B9+'Iñigo Fernandez'!B9+'Xabier Diaz'!B9+'Ekaitz Ureta'!B9 -> 0 | C9: ='Iker Diaz'!C9+'Ian Anaya'!C9+'Iñigo Fernandez'!C9+'Xabier Diaz'!C9+'Ekaitz Ureta'!C9 -> 0 | D9: ='Iker Diaz'!D9+'Ian Anaya'!D9+'Iñigo Fernandez'!D9+'Xabier Diaz'!D9+'Ekaitz Ureta'!D9 -> 0 | E9: ='Iker Diaz'!E9+'Ian Anaya'!E9+'Iñigo Fernandez'!E9+'Xabier Diaz'!E9+'Ekaitz Ureta'!E9 -> 0 | F9: ='Iker Diaz'!F9+'Ian Anaya'!F9+'Iñigo Fernandez'!F9+'Xabier Diaz'!F9+'Ekaitz Ureta'!F9 -> 0 | G9: ='Iker Diaz'!G9+'Ian Anaya'!G9+'Iñigo Fernandez'!G9+'Xabier Diaz'!G9+'Ekaitz Ureta'!G9 -> 1 | H9: ='Iker Diaz'!H9+'Ian Anaya'!H9+'Iñigo Fernandez'!H9+'Xabier Diaz'!H9+'Ekaitz Ureta'!H9 -> 2 | I9: ='Iker Diaz'!I9+'Ian Anaya'!I9+'Iñigo Fernandez'!I9+'Xabier Diaz'!I9+'Ekaitz Ureta'!I9 -> 6 | ... R9: ='Iker Diaz'!R9+'Ian Anaya'!R9+'Iñigo Fernandez'!R9+'Xabier Diaz'!R9+'Ekaitz Ureta'!R9 -> 0 | S9: =SUM(B9:R9) -> 28
A10: =Gantt!A11 -> T9 | B10: ='Iker Diaz'!B10+'Ian Anaya'!B10+'Iñigo Fernandez'!B10+'Xabier Diaz'!B10+'Ekaitz Ureta'!B10 -> 0 | C10: ='Iker Diaz'!C10+'Ian Anaya'!C10+'Iñigo Fernandez'!C10+'Xabier Diaz'!C10+'Ekaitz Ureta'!C10 -> 0 | D10: ='Iker Diaz'!D10+'Ian Anaya'!D10+'Iñigo Fernandez'!D10+'Xabier Diaz'!D10+'Ekaitz Ureta'!D10 -> 0 | E10: ='Iker Diaz'!E10+'Ian Anaya'!E10+'Iñigo Fernandez'!E10+'Xabier Diaz'!E10+'Ekaitz Ureta'!E10 -> 0 | F10: ='Iker Diaz'!F10+'Ian Anaya'!F10+'Iñigo Fernandez'!F10+'Xabier Diaz'!F10+'Ekaitz Ureta'!F10 -> 0 | G10: ='Iker Diaz'!G10+'Ian Anaya'!G10+'Iñigo Fernandez'!G10+'Xabier Diaz'!G10+'Ekaitz Ureta'!G10 -> 1 | H10: ='Iker Diaz'!H10+'Ian Anaya'!H10+'Iñigo Fernandez'!H10+'Xabier Diaz'!H10+'Ekaitz Ureta'!H10 -> 2 | I10: ='Iker Diaz'!I10+'Ian Anaya'!I10+'Iñigo Fernandez'!I10+'Xabier Diaz'!I10+'Ekaitz Ureta'!I10 -> 6 | ... R10: ='Iker Diaz'!R10+'Ian Anaya'!R10+'Iñigo Fernandez'!R10+'Xabier Diaz'!R10+'Ekaitz Ureta'!R10 -> 0 | S10: =SUM(B10:R10) -> 26
A11: =Gantt!A12 -> T10 | B11: ='Iker Diaz'!B11+'Ian Anaya'!B11+'Iñigo Fernandez'!B11+'Xabier Diaz'!B11+'Ekaitz Ureta'!B11 -> 0 | C11: ='Iker Diaz'!C11+'Ian Anaya'!C11+'Iñigo Fernandez'!C11+'Xabier Diaz'!C11+'Ekaitz Ureta'!C11 -> 0 | D11: ='Iker Diaz'!D11+'Ian Anaya'!D11+'Iñigo Fernandez'!D11+'Xabier Diaz'!D11+'Ekaitz Ureta'!D11 -> 0 | E11: ='Iker Diaz'!E11+'Ian Anaya'!E11+'Iñigo Fernandez'!E11+'Xabier Diaz'!E11+'Ekaitz Ureta'!E11 -> 0 | F11: ='Iker Diaz'!F11+'Ian Anaya'!F11+'Iñigo Fernandez'!F11+'Xabier Diaz'!F11+'Ekaitz Ureta'!F11 -> 0 | G11: ='Iker Diaz'!G11+'Ian Anaya'!G11+'Iñigo Fernandez'!G11+'Xabier Diaz'!G11+'Ekaitz Ureta'!G11 -> 0 | H11: ='Iker Diaz'!H11+'Ian Anaya'!H11+'Iñigo Fernandez'!H11+'Xabier Diaz'!H11+'Ekaitz Ureta'!H11 -> 0 | I11: ='Iker Diaz'!I11+'Ian Anaya'!I11+'Iñigo Fernandez'!I11+'Xabier Diaz'!I11+'Ekaitz Ureta'!I11 -> 5 | ... R11: ='Iker Diaz'!R11+'Ian Anaya'!R11+'Iñigo Fernandez'!R11+'Xabier Diaz'!R11+'Ekaitz Ureta'!R11 -> 0 | S11: =SUM(B11:R11) -> 13
A12: Total | B12: =SUM(B2:B11) -> 2 | C12: =SUM(C2:C11) -> 3 | D12: =SUM(D2:D11) -> 5.5 | E12: =SUM(E2:E11) -> 18 | F12: =SUM(F2:F11) -> 1.5 | G12: =SUM(G2:G11) -> 6 | H12: =SUM(H2:H11) -> 31.5 | I12: =SUM(I2:I11) -> 50 | ... S12: =SUM(S2:S11) -> 209.5

Sheet Iker Diaz
A1: TAREA | B1: =Gantt!C2 -> 45936 | C1: =B1+7 -> 45943 | D1: =C1+7 -> 45950 | E1: =D1+7 -> 45957 | F1: =E1+7 -> 45964 | G1: =F1+7 -> 45971 | H1: =G1+7 -> 45978 | I1: =H1+7 -> 45985 | J1: =I1+7 -> 45992 | ... R1: =Q1+7 -> 46048 | S1: TOTAL
A2: =Gantt!A3 -> T1 | E2: 1 | S2: =SUM(B2:R2) -> 1
A3: =Gantt!A4 -> T2 | E3: 2 | S3: =SUM(B3:R3) -> 2
A4: =Gantt!A5 -> T3 | H4: 1.5 | I4: 2 | N4: 1 | S4: =SUM(B4:R4) -> 4.5
A5: =Gantt!A6 -> T4 | E5: 1 | H5: 7 | I5: 3 | O5: 1 | S5: =SUM(B5:R5) -> 12
A6: =Gantt!A7 -> T5 | E6: 1 | H6: 1.5 | I6: 2 | N6: 1 | O6: 1 | S6: =SUM(B6:R6) -> 6.5
A7: =Gantt!A8 -> T6 | J7: 1 | L7: 1 | M7: 1 | O7: 1 | S7: =SUM(B7:R7) -> 4
A8: =Gantt!A9 -> T7 | J8: 1 | L8: 1 | N8: 1 | S8: =SUM(B8:R8) -> 3
A9: =Gantt!A10 -> T8 | M9: 2 | O9: 1 | S9: =SUM(B9:R9) -> 3
A10: =Gantt!A11 -> T9 | K10: 2 | L10: 1 | S10: =SUM(B10:R10) -> 3
A11: =Gantt!A12 -> T10 | I11: 2 | S11: =SUM(B11:R11) -> 2
A12: TOTAL | B12: =SUM(B2:B11) -> 0 | C12: =SUM(C2:C11) -> 0 | D12: =SUM(D2:D11) -> 0 | E12: =SUM(E2:E11) -> 5 | F12: =SUM(F2:F11) -> 0 | G12: =SUM(G2:G11) -> 0 | H12: =SUM(H2:H11) -> 10 | I12: =SUM(I2:I11) -> 9 | ... S12: =SUM(S2:S11) -> 41

Sheet Ian Anaya
A1: TAREA | B1: =Gantt!C2 -> 45936 | C1: =B1+7 -> 45943 | D1: =C1+7 -> 45950 | E1: =D1+7 -> 45957 | F1: =E1+7 -> 45964 | G1: =F1+7 -> 45971 | H1: =G1+7 -> 45978 | I1: =H1+7 -> 45985 | J1: =I1+7 -> 45992 | ... R1: =Q1+7 -> 46048 | S1: TOTAL
A2: =Gantt!A3 -> T1 | C2: 1 | S2: =SUM(B2:R2) -> 1
A3: =Gantt!A4 -> T2 | E3: 3 | H3: 1 | I3: 2 | S3: =SUM(B3:R3) -> 6
A4: =Gantt!A5 -> T3 | E4: 1 | H4: 2 | I4: 2 | S4: =SUM(B4:R4) -> 5
A5: =Gantt!A6 -> T4 | H5: 1 | I5: 4 | S5: =SUM(B5:R5) -> 5
A6: =Gantt!A7 -> T5 | H6: 1.5 | I6: 4 | M6: 2 | O6: 1 | S6: =SUM(B6:R6) -> 8.5
A7: =Gantt!A8 -> T6 | J7: 1 | L7: 2 | S7: =SUM(B7:R7) -> 3
A8: =Gantt!A9 -> T7 | K8: 1 | M8: 2 | O8: 1 | S8: =SUM(B8:R8) -> 4
A9: =Gantt!A10 -> T8 | J9: 1 | K9: 1 | L9: 1 | M9: 1 | N9: 3 | S9: =SUM(B9:R9) -> 7
A10: =Gantt!A11 -> T9 | L10: 1 | S10: =SUM(B10:R10) -> 1
A11: =Gantt!A12 -> T10 | I11: 1 | S11: =SUM(B11:R11) -> 1
A12: TOTAL | B12: =SUM(B2:B11) -> 0 | C12: =SUM(C2:C11) -> 1 | D12: =SUM(D2:D11) -> 0 | E12: =SUM(E2:E11) -> 4 | F12: =SUM(F2:F11) -> 0 | G12: =SUM(G2:G11) -> 0 | H12: =SUM(H2:H11) -> 5.5 | I12: =SUM(I2:I11) -> 13 | ... S12: =SUM(S2:S11) -> 41.5

Sheet Iñigo Fernandez
A1: TAREA | B1: =Gantt!C2 -> 45936 | C1: =B1+7 -> 45943 | D1: =C1+7 -> 45950 | E1: =D1+7 -> 45957 | F1: =E1+7 -> 45964 | G1: =F1+7 -> 45971 | H1: =G1+7 -> 45978 | I1: =H1+7 -> 45985 | J1: =I1+7 -> 45992 | ... R1: =Q1+7 -> 46048 | S1: TOTAL
A2: =Gantt!A3 -> T1 | B2: 1 | S2: =SUM(B2:R2) -> 1
A3: =Gantt!A4 -> T2 | S3: =SUM(B3:R3) -> 0
A4: =Gantt!A5 -> T3 | D4: 2 | E4: 2 | F4: 0.5 | M4: 1 | S4: =SUM(B4:R4) -> 5.5
A5: =Gantt!A6 -> T4 | D5: 3 | E5: 3 | G5: 2 | M5: 1 | N5: 1 | S5: =SUM(B5:R5) -> 10
A6: =Gantt!A7 -> T5 | H6: 4 | I6: 5 | N6: 1 | S6: =SUM(B6:R6) -> 10
A7: =Gantt!A8 -> T6 | J7: 3 | N7: 1 | S7: =SUM(B7:R7) -> 4
A8: =Gantt!A9 -> T7 | K8: 2 | S8: =SUM(B8:R8) -> 2
A9: =Gantt!A10 -> T8 | L9: 2 | N9: 1 | O9: 1 | S9: =SUM(B9:R9) -> 4
A10: =Gantt!A11 -> T9 | K10: 1 | M10: 2 | S10: =SUM(B10:R10) -> 3
A11: =Gantt!A12 -> T10 | I11: 2 | M11: 2 | S11: =SUM(B11:R11) -> 4
A12: TOTAL | B12: =SUM(B2:B11) -> 1 | C12: =SUM(C2:C11) -> 0 | D12: =SUM(D2:D11) -> 5 | E12: =SUM(E2:E11) -> 5 | F12: =SUM(F2:F11) -> 0.5 | G12: =SUM(G2:G11) -> 2 | H12: =SUM(H2:H11) -> 4 | I12: =SUM(I2:I11) -> 7 | ... S12: =SUM(S2:S11) -> 43.5

Sheet Xabier Diaz
A1: TAREA | B1: =Gantt!C2 -> 45936 | C1: =B1+7 -> 45943 | D1: =C1+7 -> 45950 | E1: =D1+7 -> 45957 | F1: =E1+7 -> 45964 | G1: =F1+7 -> 45971 | H1: =G1+7 -> 45978 | I1: =H1+7 -> 45985 | J1: =I1+7 -> 45992 | ... R1: =Q1+7 -> 46048 | S1: TOTAL
A2: =Gantt!A3 -> T1 | B2: 1 | C2: 1 | S2: =SUM(B2:R2) -> 2
A3: =Gantt!A4 -> T2 | D3: 0.5 | E3: 1 | F3: 1 | S3: =SUM(B3:R3) -> 2.5
A4: =Gantt!A5 -> T3 | I4: 1 | S4: =SUM(B4:R4) -> 1
A5: =Gantt!A6 -> T4 | S5: =SUM(B5:R5) -> 0
A6: =Gantt!A7 -> T5 | I6: 2 | M6: 3 | N6: 2 | S6: =SUM(B6:R6) -> 7
A7: =Gantt!A8 -> T6 | S7: =SUM(B7:R7) -> 0
A8: =Gantt!A9 -> T7 | G8: 2 | H8: 2 | I8: 1 | L8: 2 | O8: 1 | S8: =SUM(B8:R8) -> 8
A9: =Gantt!A10 -> T8 | G9: 1 | H9: 2 | I9: 4 | J9: 2 | S9: =SUM(B9:R9) -> 9
A10: =Gantt!A11 -> T9 | G10: 1 | H10: 2 | I10: 2 | K10: 2 | M10: 1 | O10: 1 | S10: =SUM(B10:R10) -> 9
A11: =Gantt!A12 -> T10 | J11: 2 | L11: 2 | S11: =SUM(B11:R11) -> 4
A12: TOTAL | B12: =SUM(B2:B11) -> 1 | C12: =SUM(C2:C11) -> 1 | D12: =SUM(D2:D11) -> 0.5 | E12: =SUM(E2:E11) -> 1 | F12: =SUM(F2:F11) -> 1 | G12: =SUM(G2:G11) -> 4 | H12: =SUM(H2:H11) -> 6 | I12: =SUM(I2:I11) -> 10 | ... S12: =SUM(S2:S11) -> 42.5

Sheet Ekaitz Ureta
A1: TAREA | B1: =Gantt!C2 -> 45936 | C1: =B1+7 -> 45943 | D1: =C1+7 -> 45950 | E1: =D1+7 -> 45957 | F1: =E1+7 -> 45964 | G1: =F1+7 -> 45971 | H1: =G1+7 -> 45978 | I1: =H1+7 -> 45985 | J1: =I1+7 -> 45992 | ... R1: =Q1+7 -> 46048 | S1: TOTAL
A2: =Gantt!A3 -> T1 | C2: 1 | S2: =SUM(B2:R2) -> 1
A3: =Gantt!A4 -> T2 | E3: 0.5 | S3: =SUM(B3:R3) -> 0.5
A4: =Gantt!A5 -> T3 | E4: 2.5 | M4: 1 | S4: =SUM(B4:R4) -> 3.5
A5: =Gantt!A6 -> T4 | N5: 1 | S5: =SUM(B5:R5) -> 1
A6: =Gantt!A7 -> T5 | H6: 2 | I6: 2 | M6: 1 | N6: 1 | S6: =SUM(B6:R6) -> 6
A7: =Gantt!A8 -> T6 | H7: 4 | I7: 3 | J7: 1 | N7: 4 | S7: =SUM(B7:R7) -> 12
A8: =Gantt!A9 -> T7 | S8: =SUM(B8:R8) -> 0
A9: =Gantt!A10 -> T8 | I9: 2 | J9: 1 | K9: 1 | O9: 1 | S9: =SUM(B9:R9) -> 5
A10: =Gantt!A11 -> T9 | I10: 4 | J10: 1 | L10: 2 | N10: 1 | O10: 2 | S10: =SUM(B10:R10) -> 10
A11: =Gantt!A12 -> T10 | K11: 2 | S11: =SUM(B11:R11) -> 2
A12: TOTAL | B12: =SUM(B2:B11) -> 0 | C12: =SUM(C2:C11) -> 1 | D12: =SUM(D2:D11) -> 0 | E12: =SUM(E2:E11) -> 3 | F12: =SUM(F2:F11) -> 0 | G12: =SUM(G2:G11) -> 0 | H12: =SUM(H2:H11) -> 6 | I12: =SUM(I2:I11) -> 11 | ... S12: =SUM(S2:S11) -> 41
